"ybuaciabeuq","device-55dcb360-589b-4e5a-9f69-a1bbbf63a083","K6YNQSF6488ZZIEYVGB0J7M","UL9PCA9EW954JUVH4GKV8YG","63ow1jqpp7c"
"ochs9em47l6","device-8c8a7adb-d395-45b2-8331-01d0f69fca2f","NMYPYEOTGG471OZRRSTLJB9","UDPKEUZNJEQXX6SFJ5RFO41","63ow1jqpp7c"
"zmmr6rnvufj","device-f54048a1-f8cd-4716-9c67-283e891f5345","8X1KSD54WPW8DJ0H10EIJ62","7HT5F5CZVGYCA7ZQ3CI1IJ5","63ow1jqpp7c"
"ma82kiacsft","device-13b0b25a-323f-4a85-8591-9d867a8e9a02","586QV772E29URYTX2VSKQIV","I79KKR74AKOVZ0YMC1XNPKJ","63ow1jqpp7c"
"uvykqhpnazx","device-e8252535-86f4-48d7-b3ea-cbd09f446bba","TZR8QUWQXWD3M6N2STG37AJ","DIJM610UY80MWZ072M294KE","63ow1jqpp7c"
"e8wyuh1h1go","device-b85a7476-3bb9-4c3b-be39-d55411108f71","PK5ZMT6WMQZY7I8S4TMCIVW","TH6OEEFMJP2OEIQNL9HF6GA","63ow1jqpp7c"
"mtqx8y4oqvl","device-24b23610-37cd-4c4f-a684-7f2d51b4df05","BY9N04BV6PEGOO2LT20NNGF","RKMVMC7TBG9966DEIOKE49Z","63ow1jqpp7c"
"5m8sewhplu4","device-2d33ee94-e451-4ed4-ae88-43b6a2dee299","4SO98YFF4CNM2MZ9R2E76GY","WDBB26IL2ITLLFJHB8BI46B","63ow1jqpp7c"
"qnzr4i8ob0l","device-94edf213-3dbc-465d-8543-71ca32363301","N14WLI5ATH1JAEFM7UYKNMO","9HSI38HLA3XYAJE2X5P368O","63ow1jqpp7c"
"5eat1ddu3qk","device-261c8a08-a619-4fff-84b8-a2e3fdf39d4e","C3MFQYFBAZDPT4EM7K1FH8Y","QQCFWJZ4OOI3NSCQNC87H5J","63ow1jqpp7c"
"882m5ugcyev","device-3d9ca3c4-2e8a-46e5-9224-33306c958d0b","5WAQKTXI1UQ848HW9STMYPS","TNBUO90BDRM90HSAGXKJU6B","63ow1jqpp7c"
"ckrym7yd3h0","device-d2c2d433-dca9-4b45-a689-c7b7c47ab613","5PZJEIMYEPIFY4CP9DV0F7U","UCBEUUMIJN09PJBMK0P78FF","63ow1jqpp7c"
"yc5ewfto58m","device-e245f9d8-85f5-4d62-96a1-3a600e8efd90","ECTMXZ09D0VFLTHD1P41JOK","RQ07RNN3SET997Q4NYOZC3H","63ow1jqpp7c"
"90e9gy8gpf8","device-24859105-faef-470d-bbce-a50bfd40d2a6","7XJ6TOE2KAO14RG3X3FNG4C","MM39EUGI170LF7CBM7D7P7U","63ow1jqpp7c"
"sk3tg9nhtyi","device-e68c3134-cf07-4a21-80d6-7cbe1e648223","RZMS640ZHNLSX7XQEWQL5NL","4HVW604UT338GK6TUGOHPRX","63ow1jqpp7c"
"mlr43jp2qak","device-ddc1085a-a1dc-4420-bfd3-d1b0a10e284b","ZHRE7CLY9P5J11VHULMJFCD","ZFWXKXTOK4MIWWKH4Z1H4HH","63ow1jqpp7c"
"xvtoqias17u","device-9c063224-9fc1-46f0-aeac-d1bdab2666e2","V1334ZZKSC9Z3LR6MF0M1CJ","SES5NSAPT3K9MQIPAJF3KJH","63ow1jqpp7c"
"0rtyihdbxnb","device-c1fd9c12-4132-44ec-926b-bcceba2db080","8IPZ5CNHUY7F4VAO4DJQ9SD","8F9UVRAHKRD6OY600PHA6DV","63ow1jqpp7c"
"sr8s3bohnh9","device-ace2ce6f-8483-42c4-930c-6bfacf531613","XJ3P3FHPMUTG4FGFQRXI88L","S5WY1T4VLVADYBUB4EJ1HVJ","63ow1jqpp7c"
"jtip9r6ykv0","device-f6ed6f36-aa69-4da6-9364-ea26a5c393fc","MNRTSR5T53D980VJQ2R0N2S","6DM98VM69I3U2SYE60POOBI","63ow1jqpp7c"
"zcsdz3enzc0","device-a017c7e9-b719-41ed-aa3d-e10ddd4d29b3","YDENQRAEZ9EHF9RMHSV5HM5","ATYFIBENFPV7HWLWZSPGJA2","63ow1jqpp7c"
"m3g23y4p1tz","device-d18f333a-838b-42f9-9902-f4e939984e90","33GF45ENQTPHBV0WVVBBAWL","HNE73OQFHIIO5ED0YYMVRIN","63ow1jqpp7c"
"mtk1sahbr6g","device-c0d380f7-43f4-44ee-8f70-45f43e784b54","9KMOPMAMV7A0MBCVH4THXKM","P20FRDI843FDHY4VR8PJT3R","63ow1jqpp7c"
"8ibvc481anw","device-52dd3eb9-867e-41e4-b302-a5d2365e9e3f","VMTRLX4RKRMO61GS311YLBT","XDUNKLYZZW8HFPW9IN0URKU","63ow1jqpp7c"
"lk9dl4h0ttb","device-bf533386-e5e1-4cef-b892-992a89992e0a","HG9443P1I0UOP8NJQ67SQ03","YY6ERP68LXWRD2ZSDDT7JT7","63ow1jqpp7c"
"vao2mmc2fcc","device-cf212e48-cd1c-4ab8-b5ea-c4fb85aec888","ZICQLU43FTRS28BFZ61OB4W","LU8L473R54MESO7Q3KZUO4X","63ow1jqpp7c"
"ofgfvih576p","device-d8e5db5c-3f00-4aa0-82d2-e6e941ff3cd5","ZHEKHS2NHHDH1PU6A2JA5TA","9TAAJEE21QFPYG75CR6QWHW","63ow1jqpp7c"
"erpo6f58abc","device-ba3736b4-493a-45d7-aecc-ea790fc1457c","SN7WUE6XZU1UEFWX8MJ7XOU","HOTUHYH2W8PJ0K7XEH8TG6L","63ow1jqpp7c"
"n7l2s0w4nur","device-c2a80e6a-b23f-4b34-b662-8a0b6e27b0da","YVP9G9GVJR4X2970T33OT9V","SL51OFVM1UN8ORNW0WKEL96","63ow1jqpp7c"
"hq0bxfgouo4","device-ab8e37c1-d7a3-4be8-8eca-4311526887c0","UZJTALKP4WT6GT8BIA543TA","LD8TM5ROQAP8XJGLHXNTE3R","63ow1jqpp7c"
"byhrxbjf5hf","device-970cd02e-c935-4f36-8804-2f8ba7e279c8","7NU64CY96N6P5BWMFM7W2CN","FB181J5LHZT1HIJ11QUR13P","63ow1jqpp7c"
"5cfjgzrh82w","device-f4fc2547-44ff-4f5a-b6d9-b207282fddfe","1X82EPUFX0TO6HOYPPUSZ02","B2SRPF1E3YR6JFJ0WMLV5Y3","63ow1jqpp7c"
"26fyjjsziuw","device-7cfc85e5-4487-4043-8aff-61c08d7b789c","1ERVJ9IVGACAKB2RPE3FIM5","NIIA14AIW6BH7BJZ0P2XXU3","63ow1jqpp7c"
"zqpjzb7ancd","device-29a3edb4-8907-4ea8-8c57-3c139b6d62dc","P9HGM8POVFVM6TAIVC9TIBH","R4GB7X4JXAKT09VWVFVUD21","63ow1jqpp7c"
"mu0wh1wgji0","device-59336e9e-5443-4c74-94c9-0d33f8e5e4e3","9TF2BJ344WB2M1FQ9PR7AOB","YWVUA2D0PDBZFTNBXJC4BT8","63ow1jqpp7c"
"kj2jlzs6ja9","device-f96d529d-9b5b-4a4f-8b0d-9c5c881611b6","UD4RNXMZ8PEIEPHE6LKMSPU","VOBNUX463LZACSKUOQMW5KY","63ow1jqpp7c"
"8n2nhbewo1b","device-8fe0ca6a-b318-48a4-b02f-7c599e357035","2SS9S2N4LSHFYPRTS0I5PYP","JC2I2MZGKYUQSLFYA919MR3","63ow1jqpp7c"
"n45nstv38fb","device-95b311d2-e392-4963-8dbd-31a70d7c0473","I54C2OAHCV9WS7SBP3Z270Q","EUZ588MIO6X99EXIKXEWWNN","63ow1jqpp7c"
"rhgbi2bzixl","device-b4d5e3d3-8b5b-4f3e-ad00-5d47a2934f3b","VJ5G5RTUMTS3184WHPCZBGQ","3M0BKAMSJJJHT42ZCSQS416","63ow1jqpp7c"
"1730kb9j8ow","device-6239e39a-3400-42ab-9acc-be58b2fa28cd","O5EW2JFKHSTZEMNHIX25KPT","LQ56M26OU2OZKZDHM9RTOHF","63ow1jqpp7c"
"t2y0sc8fr24","device-100331ef-01ad-4769-ac6e-c8b5d47d252e","DV8SDSAIL4BO22TXIU1PMLI","KWWLOMPO1LUT11GWIT9TPQT","63ow1jqpp7c"
"p6fq47swsq2","device-a7c0c36e-5049-4488-9a67-b564a09f65fd","1JE7UO8FUF1EB4FHAODDZKT","VZXASDZAA3GUTEP15XURI6K","63ow1jqpp7c"
"fpulzbl9arj","device-81822c55-9d2a-4a33-8e1a-82f20abdf179","XCB27HTISSWXMCW3OLW7YXK","10KBM9QYMYX3VRHLSWCRDRA","63ow1jqpp7c"
"rcgxkf2d5p1","device-b9b804d7-b09b-41d9-ba7e-c339f038ceb0","3EYDDOUBTV8FK5A64M55AHX","DBJKXPEW7NC8IOU2T7U7Z1K","63ow1jqpp7c"
"ag96zwwdpwd","device-93197619-d7bd-4b87-90e9-d0add6fd11b4","3WYE3E3BGE2OODM21EHETHY","WGW99P45QWZT0EZKPI3B7W9","63ow1jqpp7c"
"76knpuagzli","device-503e884a-b13e-4e4a-93a4-f707606967fb","I82UV04AB13ZY4PLTRQVGIK","60UZU8RISZOCMDH3DP38CJQ","63ow1jqpp7c"
"1t34xlz9956","device-4bfef5bd-9548-445f-8d54-a0b12e855148","NSDKQDCALCQ5CQPP65K4V3F","YDH1TN6VUQ860J0PTYYKQXV","63ow1jqpp7c"
"vir2wuucd9w","device-af711263-9d34-4ee3-84ba-21f93dba0f34","0BBZ4XZUQO4SZURVHHR5S0P","J364X3UCST6HHZPSZCCOPJJ","63ow1jqpp7c"
"69vmis80ysz","device-ebe4e3ea-0c80-4040-b738-de7d7b89976e","JDHTMVINCWCLCBMVJ6J5B2E","VTFPGC0F1TXWJB6EULZY5L2","63ow1jqpp7c"
"957b45srlfs","device-c513a04e-dc3c-4d0e-b72e-47e8271b4ce6","FSD821H01AE9PG9MA3JHVVC","6G84RMMWYKGWS6F5OB02VE1","63ow1jqpp7c"
"7dscnxsxlun","device-ee8189b7-7c8d-47c1-bdf3-11cf6d9ce990","WN2HRIWBD5EIFKIW4ZUPA2A","C4DI72I05ZCUT8O4Q68TJO2","63ow1jqpp7c"
"antkmqfokan","device-31b6258e-36db-4a42-a99f-f162311cd5f7","TZWRYFZQD4ITJHVB6B04WJS","QW8OWLIT8G1Z4ZJACR5UDUQ","63ow1jqpp7c"
"gng1idsax2h","device-9ae50170-e560-424b-9d01-60a7b9da6114","BSI226YH44MTF1DWOFZO5HU","UOKX34OBLP42NQ4BZAGQPY4","63ow1jqpp7c"
"mdc4gmswv9i","device-9a75e7bc-e9fa-4785-b81d-aaf0904b03ae","ZLAFSQK399G03ZNQMCY471Y","E64C3COUMFNHB04KGURL5KG","63ow1jqpp7c"
"c3g0fo65c36","device-b2877e07-7af1-4e8c-8174-8013581b086d","PRUO05KBKRHLHPXC5L1I896","D21MG7VJY5JKUDAMAY2GXU5","63ow1jqpp7c"
"ekkz9va73te","device-d6d755e0-b8c9-49ac-b4ad-f458ffa68783","7LDWYKW64VDZHSJ3UK37GAF","BDCJSSX73IFH31W31OADP9W","63ow1jqpp7c"
"tqk7ezkvsvt","device-08f1838c-e172-4de0-8f2f-9d8d5565a3f8","XI79ZUELCLMOYVQ6FK76NDR","Z91ZRS958Z9Z7DOWEWTM32R","63ow1jqpp7c"
"85g5u2foa2w","device-527019ae-461b-4471-9401-87c11493748d","7HIU1KQ9O2OB2RNR416YLYM","46DWZBY0JGWFLT5822KEYHZ","63ow1jqpp7c"
"k9ql2xkihca","device-73da2d2e-e32e-4ccc-b0f6-ec698449031c","KZS9W9XCKJLHX5YUOF5F4PL","DWPDTP67J1N2KJAL9SIGI35","63ow1jqpp7c"
"mz2drs4j06w","device-a3161e2c-2f46-45e5-b663-1d69a720ac8c","YWPN3G963W8E5V7YXW5SWZV","181GY9QCM1EKFT8DY4JSYOP","63ow1jqpp7c"
"qskh1z33ugb","device-0ff8b9bf-ffb2-4308-a35e-4684f079a020","2JPS20BG2NF6EFOPVSNP3FS","1DB80745L8ETV69TJU7XP5T","63ow1jqpp7c"
"z5l6ywku5qv","device-6f3c9c0d-56ab-49b7-897c-138d50127db6","GZA9HEC3RO1TG8FTJHOP1JC","PN4HH951OT0WUMGWR4YNOUM","63ow1jqpp7c"
"26v0x5bk70q","device-b664b98f-de72-462f-b48d-b71944b6adbd","QWDUMFN0WG06CWY7K240U3I","BT630N51TN3YKREKYI76XWW","63ow1jqpp7c"
"sv12rlky0t2","device-95768be7-3cb8-43f0-a1eb-dbd4feb8def2","64WQYTY6V39S2HI0ZZ36LMM","GQTUVAU0QEVDQYRUU3OMEGM","63ow1jqpp7c"
"iqxsgk82u92","device-3b7dd863-f17e-470f-8d09-436a022d0cac","K7K7E04MSKM3AGFJXNJ7BYI","95E1JDSRRTV9WFCJUJ7N5FT","63ow1jqpp7c"
"1es9ab54ghb","device-4a244d49-e516-4755-8b64-7632f6c61169","MZ4R0H3Q2Q3YTO5IBRLLFQK","2PVXUUOD34IIDXBQ2AJTS60","63ow1jqpp7c"
"93t3s0z7w68","device-c7374967-3906-4998-9566-2452b2619ac0","XYUDK7PHQXXNZZM5BIGENAI","83NXG2ICQ9TD9DK0SO97EV1","63ow1jqpp7c"
"u7wepwg3b2v","device-9e1f8fc8-f15f-4df7-86b5-c722b1352156","EYF88YXGRNGMN1GHU3VVJ8V","V34WCME69C2F69DRTJDZ0QC","63ow1jqpp7c"
"az4v3b8ta8p","device-19475c67-2132-4322-a98f-4b1b2ca9aa89","L9F15EIPHDYH8TJGDNP31N2","96I9L7O20DEEWCHNKGTCCJ2","63ow1jqpp7c"
"g8v9gq034i2","device-f6cf827b-1463-4c4a-a9c8-cbc6ac85657a","L2M00YV51GPW2AEQ2G36QGH","ZP4JZL4TERW3P7FALYPTT85","63ow1jqpp7c"
"9ess2besi0t","device-347ded46-c46f-456d-9820-2f138205d715","D78O4GNNZB1FU2YS2NP5YSQ","DKU7TY7BXGQOC4F5V102MCN","63ow1jqpp7c"
"kj3nirpgs4w","device-482b9926-6c1a-4d05-ba07-40841cc36c1e","QUG8KYA244IFVC6DS3CYTKE","YF3OUAQQKLOUO7A7ZER9QS2","63ow1jqpp7c"
"6ji1v329uw1","device-422ca87c-2c25-4f48-9bd4-d968b368aaef","6E485LD7NA6UUVMAXCUP1VY","P4YX310NMS7JRLAE6DAJJEF","63ow1jqpp7c"
"vmlb8o4qi4e","device-c3574291-9af4-4435-878e-d7b768857bfe","DIQJGFWAUQACW2A21O7E27H","7XJ87LYD8MYCR0YLPHOFD6O","63ow1jqpp7c"
"si8qne2m786","device-42702fac-5d1d-4319-8720-5fa55404fdb0","H7TT8LJA116FZ4T1W1XL5KX","RNXO8FAL7JJP4V0D58GD8BC","63ow1jqpp7c"
"i9dcyxaae8t","device-92527b82-94d3-46ed-990b-bb3f6e0c4ed0","W0LWMYW5UH2G92EWSIJBD5L","ITANVTQ3LGSNKPUEKYRM29T","63ow1jqpp7c"
"rzeb5w9xd9e","device-9cd827d9-35b4-4c7c-9463-6ef9a51d0807","R7040ITQFBC2QHZSIVOYJ9T","ZV9QBYIXU01JMALD6146RSF","63ow1jqpp7c"
"uyti4qdkr07","device-b4e50073-0e44-419f-8261-d0c2d1cff499","NVXFTE615CS5UV68PZOY6L6","0UGPB7LEWUMDO6O69I2SIEU","63ow1jqpp7c"
"z8lk68u7k6w","device-5ca3c359-db7a-406e-9692-ca07eded191d","PIARUNTMZRP61IQU4FOLYDF","RENP6V87EVI0QG2GV7A5L9W","63ow1jqpp7c"
"qz3owrdq7mc","device-77c60c91-e4f8-406d-a06f-5bc44c33412d","5IE3SMT6T0TLEG63N8JPR9E","1MGEC2NQNFPSHL9LSWG6WQN","63ow1jqpp7c"
"e273j3hl4tf","device-d600f9ea-df67-4bad-a88c-29d2f495ee16","M95WPP74FLP5KLUP62HFVF0","H45I8TMU1T7B9EQAGYBVO1H","63ow1jqpp7c"
"c5z6u93dgas","device-2c4fb404-f309-49c4-948e-61d80b8f47f5","174HBUZAA2GM5KXOV46JCZL","JO7PIYHZO9VC08K482IUE03","63ow1jqpp7c"
"it97vkqqnjq","device-0ed5f941-0503-4976-acee-acbd05b687e5","XPUORLETF169D8MVEGFD3WG","XOC8WSO4F15O5RPETNOEBKL","63ow1jqpp7c"
"44xov1id3z9","device-5e4b02a7-18d6-434b-9813-afcdb3f0d733","XUX4OB4AYUY87QOE6DWLKPI","8S4YDOVMFMVHCE066IDHOHJ","63ow1jqpp7c"
"0g4emvu8rmd","device-ada84e76-ee04-4573-b3e0-c5a0a71cfb41","8KRSDAH3EEN995JKODQ0RF0","SYZI0DWTCBVR5EJGWW25RK2","63ow1jqpp7c"
"0mbu8j0x3ym","device-6f6c0d9f-d1bf-4e55-b3c7-8b73dd9f98f4","O6X369L74XSHYXJ9BV6ZQMM","M9M4KTUME6V0FJ0DEHCU37Z","63ow1jqpp7c"
"nteuxcpcvw5","device-f1668610-7c83-4015-a910-33d5265cc2c2","K4CBDOP7O60JXT68PWTVBAR","VDQE49WEM2BFHI5Z15RWILR","63ow1jqpp7c"
"0n22lgd59gm","device-9c833de9-c15a-4174-9e34-ee595ee129e1","FDWS0L9836XL7ZP9MTMAJIU","8LYL8L6I0B2RZ8ZL8C8P9DJ","63ow1jqpp7c"
"0ytkgzg9idh","device-c8cb0394-ee90-4b3d-8523-01121bb40f47","SPN44Q0JYJ46KWMN2WYJ8WR","40IZVR4BINZGXJESP955VNS","63ow1jqpp7c"
"foixxoq9jbj","device-2c3cae17-f5bd-40d9-b7f9-31bb84a46802","20LMCPYESY7ML6REFH21JHI","UGVDP7ABGSCLK8M5IUGTQI3","63ow1jqpp7c"
"va0av7ye106","device-68fb265a-ef25-480d-a577-abe753958020","VRZNK32XBBB5FT1SRUA4UE8","LXMONE6RU0YAXNHPRYS2ZON","63ow1jqpp7c"
"nyrqqsoqhd4","device-540ed185-36dd-4a7d-a268-2bc6fef7cde8","2DAXHHCWXYLGJWL054VBQ4A","RKGCYH7T2K8VJO3C36ITOLX","63ow1jqpp7c"
"2fxxdl4ujii","device-2d1b6953-80a3-4fcb-af06-ee4bffcca2e0","8HOR0ZF3XZ203S173FO21AL","KD270KEDRXN8ZFMOSGIP1E6","63ow1jqpp7c"
"tqw1xnvwuxa","device-b878ac9d-6580-4ebc-b33c-b5aa43663439","7S8J4U817OYBW32IK723NMZ","PCVAJA1ARFCA6C2PSNLEXEQ","63ow1jqpp7c"
"ltnx6t6ogm6","device-d998373c-3227-4eb4-a72b-b80f44939bd3","WHLTMH8N98QYKUX4IYMRRY8","JZL8UTBASBV6E73Y6PELGMO","63ow1jqpp7c"
"asg8cy1xd99","device-fab4e183-0b38-4e6d-8195-aa9547c4a8ba","4F4X63O7VG43DXN9PG0ROO0","PLTPUNRYX8CJVAMTKIULA0O","63ow1jqpp7c"
"5066f0xi5a8","device-a5e79bad-b092-4d54-bf4b-ffed2e9bef7b","0FOH0IREXIW27UUPQS605OR","43ADGG9TO8UINWU10T0DPPM","63ow1jqpp7c"
"zyyhb00jqa0","device-ce46285f-1433-4e3d-b911-bd47e93af512","SFC9SR89SBGE1U374WA53EZ","Z4HGK6H6C2KPF68M49A80BI","63ow1jqpp7c"
"3xop4xv197h","device-a49b315a-ee78-4e20-b70e-56f9214310f2","HJUUY0LO4S54EJX7M8GA8CI","QMPIZUZ2P5J110NFKSUCS0L","63ow1jqpp7c"
"ydvqytipnkc","device-7e33ebb8-52c6-4a30-9f6e-845631f877e8","25OPEZX46O5QYABC489RDEA","BQAM2GRXQ8TE4OL0GE3C25X","63ow1jqpp7c"