"3nb9fjrez65","Doorbin-d7245c6a-535f-44ef-8484-632681706aa7","DTGDQAHRIJFXFRFEXT2KUAD","V651Q83M1SPAE2T8OHSTW1H","d48q5fj2oui"
"hi3ubhdi8sw","Doorbin-1761143e-f4ab-4317-a27b-a31fbece0d43","B2C4E8V7X300HKUFDX8SZ1P","HWJS4ZFLDI7Q2524LQ6NYYS","d48q5fj2oui"
"udwj81depft","Doorbin-f16023ce-8cd0-4050-9129-d11f095994d4","ATBI1LMIMLNX1DIRE726F1N","DW5867TSIJZGN58DQV4421J","d48q5fj2oui"
"y4abgvb27a4","Doorbin-4a48c69b-e6e2-4e7f-b2aa-163e2a82fa76","GRCW2SJJ9M2PPG0UHIODE1F","R4PK94K8XKSTIHJMHIFUN7Y","d48q5fj2oui"
"euvhb477leh","Doorbin-fc946dfd-ca59-40ab-afb9-79ed8e0541ac","QGT5P7G39R6I49H55LVFYD2","LCNLVGW9JX9DQGH1P854L3N","d48q5fj2oui"
"vm618q31c3s","Doorbin-05dee923-e210-486c-b783-f08fe1d47616","ZZ54WYTDO6ZCZVKJEGPGA38","DRAV4842GDRMLATUHEIPLX6","d48q5fj2oui"
"k0hnx2882ag","Doorbin-58c3232a-707f-4334-ba9a-97a601d5bc03","FF1TDZ4B2PT8YF8H09O0EHL","TY2P7OUGDCQD13SERSQC37A","d48q5fj2oui"
"fh5wwct76l3","Doorbin-468491d6-1112-496b-b2a5-02e185ac0b53","Z9EN65A9FVV5XOO4UJCGZVB","05E8KWRTA7FUTH4O0CJ0OIA","d48q5fj2oui"
"oh95348herp","Doorbin-de5bbc1c-42ab-4542-93f8-2d5580379b62","XUDKCE97HV0P4ESM6W6UU8F","JOWM3RUAQ1WQEET0QVQ2NKM","d48q5fj2oui"
"kl09wx09o8x","Doorbin-8f174daa-e612-4829-967e-33d3b24e15d4","4YI7C3OXVSTXKOYWDQWCNE4","OVYFZM3FFBKSVANWWEOSLER","d48q5fj2oui"
