"8tu6dvwtt6h","m_realy---vaziat-8421bca5-2809-495c-8f4e-7a1e24e2f1ac","94FQ146IVNW381803J7PU1H","R7I3GTHIU2V4GG5U8JHKEP2","bajiu8s9bo9"
"14d4lymc3qu","m_realy---vaziat-19411f31-37e4-4e4d-9833-c2d0f70f2bd8","TR29BTBRS9IOV9R95AARJE2","0LSJOXHV7766YDX44N0JV3X","bajiu8s9bo9"
"pxf68hhc8z8","m_realy---vaziat-0f051e8b-4e39-4cf8-ba94-b01254c5eff8","TM8B20IJBH1EOBVQ4ZJF0H1","F4DP9JFNZMC9DZQJ7E69MSO","bajiu8s9bo9"
"cmnl3bebd0y","m_realy---vaziat-a6dd4972-def5-42f5-b36e-c6f2ad25436c","A20UM1999YRZXD8X4FL1YPC","GQG32D6QY4PCN7SBNNSRKU7","bajiu8s9bo9"
"nw203ati1lu","m_realy---vaziat-914b2d8e-012c-49cf-89c1-3049ebfbd585","Z4IRFYEYRMVNCXFV7519QD7","IMLPCFMZ19LSD5P9KQZHKK4","bajiu8s9bo9"
"wy21bsb77xi","m_realy---vaziat-09371681-05e2-40f2-bc9a-4445dea7026a","JZANZWFIFGZHZVWLGIHDJK3","RR48Y5FCPS9B4TN61WS2ZW9","bajiu8s9bo9"
"76uno9xk950","m_realy---vaziat-57113b80-9675-4d6b-b125-5e613822d53c","8JPBMO2XTMYT1CU28B6260V","C6NP58EINNXR7GK4BPTUBYG","bajiu8s9bo9"
"o9xjvt7wvjg","m_realy---vaziat-0f5d3c2a-8310-4f74-9729-ee5b7670ee17","LVQAJKLVO7FAAL9BFQ1RZ9K","LISTSBH5C0T9L6IDP1DOVQU","bajiu8s9bo9"
"jgmmewt1vt1","m_realy---vaziat-c69a189c-5e22-4f58-9e3d-a09c9bb88d13","IDD6N705Y107UFFWPNW5G0V","SF82NKOJTLE32KZJG50HWJ8","bajiu8s9bo9"
"qhxc5rlsdbz","m_realy---vaziat-db83bf26-0be1-494c-9675-95c0db82201b","HLBEDJ3C8L3WQ8Q4HREQEIH","3ESCIRWMTBH12CGN3M932H3","bajiu8s9bo9"
"xltgqmquen1","m_realy---vaziat-e9c6a0dd-2fa9-409c-8e6c-71acc43d1559","3U52SF0TPOX3RZ1MZMKJOT8","TX3R9LZNVS6XJJ1D4O5OPAR","bajiu8s9bo9"
"i8otxzqkh8r","m_realy---vaziat-f06dfa57-1a9f-41af-9adc-63b987fc3442","O3HVDIV820GQ2B06WUZNC34","ZEUWO8IRI7J6ENF3QY19SFV","bajiu8s9bo9"
"e6tj746nxtp","m_realy---vaziat-f51214a6-beb2-4460-91a4-41910ce8b570","QEJDDKFTXE4S0WF30X9D1U1","J0JDOKB3XEUITLY2CAPXG51","bajiu8s9bo9"
"6cjtme04qgi","m_realy---vaziat-79cc6a17-503a-4f75-86f9-85b4a1421054","3SZYIXMREFTNT1AWHMUAZDE","0A84Y0P0IDZ756GXWCNF8E5","bajiu8s9bo9"
"m2x43egrmhl","m_realy---vaziat-8c537f60-6b22-4f1b-97bf-60028d4d0712","MUOD736YPT628YB5U4W2A6X","KYDJG31JJO8000BLJV5HKIB","bajiu8s9bo9"

