"ye3bi1grohy","m_rollerBlind--kerkere1-cdce0e57-0351-448e-a98f-413f966ccca3","97SWH60EYGC2Q8T6Y33T0M1","Q6D93XMPJE0DG16SCD2PRCR","yn493wbbip0"
"qjv6hl64oh7","m_rollerBlind--kerkere1-6404cc08-25a5-431c-9afb-0e4f38334e50","138DXHE3LLJ06PPL4OBU9JR","1TPY6V8YRT7941RUH6EMXB3","yn493wbbip0"
"rjbyuanctna","m_rollerBlind--kerkere1-d7633ce2-0e5a-4e4d-916b-66243fcd6b64","FBA3L81HFD3BL11PUCK4081","2AB307ZGGLY9SRIQY7QOXJA","yn493wbbip0"
"k27utd9l9n0","m_rollerBlind--kerkere1-1f199e86-5e8d-4cbe-8250-e4815453df8d","5QT0FRGAYAP9HWSN0NT51NJ","A3PD5QWK1XGB02TZLVCLGLT","yn493wbbip0"
"pe5uk9ybcsd","m_rollerBlind--kerkere1-ed203c00-3352-466f-8e62-1fb4b2c64eb7","GAMRDBMPUNPP1PA1BNOVQ99","1W0T1F5EN3RW4GU8SCCJHJN","yn493wbbip0"
"v70c799g4i1","m_rollerBlind--kerkere1-ecd8b668-ebe9-4a0e-8300-246f0056e4b3","LCSY83GP8NO2BO7IKSNHUGG","8HTPMRKROJDNYL8QDJ140IF","yn493wbbip0"
"vrxx8iv9ied","m_rollerBlind--kerkere1-77634228-99b9-4f7a-9801-7f594311384a","KACOQYR1KQUADYOMAU77P8Z","Z2PJU8HDQ0Q8BGDMHDNHB7V","yn493wbbip0"
"i1yr6whme3i","m_rollerBlind--kerkere1-266090ab-f3ff-46cd-8fb5-5d1a5a199488","M4ZC283JH3LM9KLLKPVSI0Q","C3UYCOE8Z6288KWYMRA5YNB","yn493wbbip0"
"ibq9whv58th","m_rollerBlind--kerkere1-ff1306f2-3631-4e3b-a5fa-94244aa044a7","LYP2P0W8H57JBXAFM37H9UB","FF0DHZBZBY7NYGU93ARYYNQ","yn493wbbip0"
"q6kf07o6b6b","m_rollerBlind--kerkere1-f200a0a7-7a84-403d-b3be-9b76d435d262","L7M4BOBBRSNKCNHP2LSAWH3","KFVA2ZFT3CGT9ZMK2YK7QYT","yn493wbbip0"
"38g2tm38974","m_rollerBlind--kerkere1-48c77324-6ca6-4032-bac6-1b7e034cecc7","62Z4QGC3SUSS9I7QHGTWQI3","O6EELFIJCPI2LCO0NOZSJJP","yn493wbbip0"
"c6fm3ehff6l","m_rollerBlind--kerkere1-4aacd601-9136-46c4-bb91-6edf5082ec48","KA52NIZJ03D5M8KQAN7FGHA","8FF2ME9TIG4Q6U1Q7HKYJRD","yn493wbbip0"
"wvqeuapnb4g","m_rollerBlind--kerkere1-9b293b2d-e8b6-490d-b051-aa0fdb780dec","7QSQ0AKVRH28MIMXC44I9NG","0EMSCKMX6OXIDKFB7R9CUD5","yn493wbbip0"
"oi0ngg9g7r5","m_rollerBlind--kerkere1-13b240db-3b19-4151-a5d1-213cef537cd4","A7K21L9QS1PGSVY3XBC68WL","UIC3VKY495H32R208M56D2M","yn493wbbip0"

