"uyyn4jlsvsk","m_roller_feedback--kerkere2-ba79e3c8-44cf-4e5d-b704-4d81b938f4b3","58JZMVL4DE5TXYZQSJ503PI","NJQRWBU2XUP6JTYGZAQUG7P","bzeq82ifi0j"
"26x32mesh2l","m_roller_feedback--kerkere2-841ec6ad-400f-42b9-8273-3f7c54c0ce21","GXNO769U44C1WWFOLSWXYU7","GZLE9GHBKJ80R7W4XUIMV9C","bzeq82ifi0j"
"n9a2c90lozd","m_roller_feedback--kerkere2-7841609d-4db3-4557-b769-1226e101abf7","NJNB4ALXTW0TDDE1YQQ3LY6","7ORJ4SKDN6EA6WYIWA0D8SC","bzeq82ifi0j"
"bs6ugmq6pid","m_roller_feedback--kerkere2-8710b9ee-8293-4c98-be82-aac15a0a7ec2","XES8Y8RQLNCCYGW0WT5LMQP","0CEOEI1OBFSFEVW4U2BTMRV","bzeq82ifi0j"
"fu10zccwcxh","m_roller_feedback--kerkere2-6d8f883c-9ec7-40be-8bc9-c088ae0930d4","BC3S69W3TGSPB9Z0S42G4BB","SGLS4KKM5RWLY07L2QDEANX","bzeq82ifi0j"
"r8pfqut0edf","m_roller_feedback--kerkere2-b54bce85-e5ba-4495-ab4c-0a0a4dce5ef7","MH7FNYNGDXNNQ68UQ1RLQZ2","99OIEAK8OUFQA81JEMM8P1S","bzeq82ifi0j"
"ywuhkaa3qlw","m_roller_feedback--kerkere2-b716d489-a9dd-4ff2-9eba-5459e3c054bb","X4LMXE9KH7WNG4JL03VBWPR","ZEN9W8VHJTE42U8GG6BTMDB","bzeq82ifi0j"
"5j92lskc6dv","m_roller_feedback--kerkere2-834f8223-8818-4722-afdb-ffe88ad2d6cd","YJ48KJ3MJLZA34EVDE39SS5","CWAGB7X3LJO2OK6012SF6DO","bzeq82ifi0j"
"nffigj4ucdm","m_roller_feedback--kerkere2-358671f0-e6ce-4442-ac84-1f7d04496078","CEJX2YDGVQVBGDG6RJDT9AL","2H32EVVKOGY3EHNTAPSP44C","bzeq82ifi0j"
"kwnzahoa74d","m_roller_feedback--kerkere2-590f5cee-0e88-4866-ad13-f8c0f9ba1f56","YFPAJ7UHCUM0OLLCPM84ISH","H4JWYUUFFKD9QM08X46OQQQ","bzeq82ifi0j"
"0f2hxqg3jzi","m_roller_feedback--kerkere2-0eb45c54-0423-4c1d-97ab-be8823b471fe","OHW9A1D4ORCE43PHXVMRNG3","2P2Y95Z9PCBGTV0WS7USOZ8","bzeq82ifi0j"
"dqnuai8iqc3","m_roller_feedback--kerkere2-236b3939-e405-4615-ab95-c4865372e70d","LBO56JGPUBB4ZHAFDOAVDBO","HV73U6C5EJ1JU4HW9Q1RIQ6","bzeq82ifi0j"
"106dmkd11p9","m_roller_feedback--kerkere2-940815b0-7834-4e61-8f2e-9cf96ef744f6","RRUJCO8IAHF0PPPY31K1F09","URSU28UI8E9G9NMATHB870P","bzeq82ifi0j"
"l2lasjznqby","m_roller_feedback--kerkere2-ea36f04b-987a-4e5d-916a-276d2f653700","7Y6252NMZM1L3WBVFOUNVGH","JG9Y511X73G1VG0ZXEYC4Z1","bzeq82ifi0j"

