"g24k66kcgqj","device-63d9c1d0-af6b-4828-b2a5-72398456ea75","1G2M4IZTY1Q9P76XAVS4PN7","FHYHJ2P2VPQY5ZI5CCHO95E","63ow1jqpp7c"
"vv12wtvccnz","device-5ae6770a-35b8-4dc4-b177-910c5ca6f5df","49Y30OL5S3UYO8IAW68QXVG","XL0UYKMMS58X5DX7177MZWE","63ow1jqpp7c"
"o5pcq8foajc","device-52ee4d65-df88-4474-9fc5-176be160a113","FGD4V2XMI1E3VOSJJLV5LNH","OJVNZN7CLTJE3FHPB8NF6WB","63ow1jqpp7c"
"17bxf0eu2mu","device-41698d27-e4cb-4808-b230-4766ca71d389","WSAG5YQZ8BZRPFKGO6UES7P","M0X5KCUGHLV6NRGJ4AFLGDZ","63ow1jqpp7c"
"9f6n0djnizw","device-319d2e77-192c-4bd6-8723-622faa1dbbb0","N4CU41OFM07JTEFJ6DXSXSG","O7PFNJZVJD0ZXJH2E6JS6Z7","63ow1jqpp7c"
"mbxr2mcrcmp","device-87664e85-14ba-4644-9441-799d6b83a622","DYFWN471DWDJPF03EHXS9F0","KST3NK8UGQBWGH6E67QQF2A","63ow1jqpp7c"
"8aym9ou7ftq","device-5d4c9584-30fc-4c70-9e2d-ce7b9fdfd708","VQ4FNHE4YQN9NNNYMBLA1QP","SMLX4WISV8PD4BAFNHG83X9","63ow1jqpp7c"
"ljw3v9axqkt","device-47fd6b45-72bf-4764-855b-a70bbe56cc9a","U35EMV35SO20F63O3QBN008","CEZFKB5ZEP4UYOC6SMHV3E5","63ow1jqpp7c"
"lydbeb94qwu","device-7bd2939f-c8cc-4ada-818b-52f20b805c50","N4O0NN8ZNW6APVN0Q58RGFW","00P5U5X6IUK4QSATD0MMAO0","63ow1jqpp7c"
"nmq7cfajkrm","device-8e2cda45-8e2a-4017-9f1f-e38163288f69","FUG74WWKDV4AM6DK0CJ6364","ZW3PNRZI4WDSF97HHLMR5QT","63ow1jqpp7c"
"f7jxo91nm9y","device-c02ab9d5-77bf-4812-a63b-99a6d83ee713","9T4N04GQJG6HQ2NSOCXQ48W","4FRH0HXZF30XOGUHHISMY1Y","63ow1jqpp7c"
"uf07muygxx0","device-94d33af7-5f54-4fd7-9a2e-72bc0fd72553","HEFCZDQK9EN4DBB3DF8587X","LQ4TOS141ABJAEZNYSJEN2F","63ow1jqpp7c"
"09v42yz7guz","device-d7ce1532-6915-4867-9edf-4085d1cd534b","ZZKBI6KXTZNN1FG4Z6U2PA7","C1X1SYRZQ53DLCWMOQ753JP","63ow1jqpp7c"
"ttd9heuq1s6","device-afb7e588-1d08-40ad-9347-cd57ba02c0a5","GTQ5V5JOVFB4QSBFE2UUSPL","9G3KGVKAAZJNQZY6U6NKK0W","63ow1jqpp7c"
"20yoyf8abgr","device-7ce62924-2b4e-4e1c-a738-04b9bec03e93","FAUPSLI29BGQ5JP9DA3WXDD","NGYG6QXEZL0H64CGMI63O3D","63ow1jqpp7c"
"cd7t5gv2608","device-eca93145-0dfc-4b95-a184-fb35a000edbd","B50I3A68JIK2L0EXGO0O22Q","C818BPMEJA2J06FU056YKVX","63ow1jqpp7c"
"9tn56dm86qh","device-f8e12fa2-0133-4850-9c3e-57a9c39cccaa","9ZGE5Y397SQ1ERF2HPKMAO2","GHQPUVHOEU715TV09URWB0C","63ow1jqpp7c"
"0czvyfzyzku","device-0fe8d69c-1e80-45da-ba3f-24c998b172c8","QR5157LFKJHOXSQEM0P26JT","3J9VXLZQI8PTEFT0ZL1TFX5","63ow1jqpp7c"
"p5u76c9um1s","device-711c487a-667a-4994-ba5e-04a97d93cbcf","OMAEO8QEL3PGPKE24N9ETIB","49CC8H2VL6BETFUG4IVLI3B","63ow1jqpp7c"
"ybeynj6vqo0","device-af630372-354c-407a-a62b-2c631a67ddb1","Q5D045FSDAW5MUBGTS22ANG","9ATR50Y6UTXWOOHDD85AMT5","63ow1jqpp7c"
"j1gmlfcpwt9","device-f3a71047-2da9-4aa1-9565-bf2a0ff3c73a","UNVR3NBHN4O8FEMX29PPD1L","51OU5YNT3WGMMCOAS8RPQ5X","63ow1jqpp7c"
"8injg7hgzip","device-81edfcb6-9d56-41dd-a86a-d3131d9b44c2","4GZIJ4OWVUB09EJIFZ96ZLJ","OU9RQ2K4E7A6BSNB77O6AHZ","63ow1jqpp7c"
"aozx9zqxz9r","device-a6e9b167-19ad-4557-b886-1bc40384138d","46WROUHJOR1UFT1ECSQBA6D","XB45EZ6WWBJO5SIESK62VO1","63ow1jqpp7c"
"g0yclih0a1y","device-88a7ede6-d5db-444c-af4d-08e3d55d7f35","L0IRIQKHI6W5FNYOSD8ADWE","9QYBPULWMB5SRSIPQ9JYQ06","63ow1jqpp7c"
"7kw1bvygzfl","device-437c5e9e-6a57-4d77-ab84-1a5f8c49586e","492CM8P025R2QLMZIVHSF9G","CWYWJYLXN7YWIIGAN5A486B","63ow1jqpp7c"
"gg2lutn6tzj","device-92d742e9-a9cf-44da-b985-1a60cdb33b17","H14QS99SNQ5L1POOCR1VQ7Z","0LC6TH1C2X3KF4M3NV1Z81U","63ow1jqpp7c"
"ykighqs2q4a","device-8838d701-68b2-4225-9a58-b263b0bb5f07","TSXCMONBSPFG16D425N2JB7","HVETY8TJK6A643N3EYNN7V5","63ow1jqpp7c"
"iu1xxkzoyhw","device-fbd11fbc-25ea-4d9a-973a-6c2e7d91980f","0OA1IBMOZO82C7ZA4YJSWK3","JTCB0W7B0E8SJ20S9R6CI4Q","63ow1jqpp7c"
"wla0fcdieo9","device-808f018d-33ca-4258-b954-4ef35031818c","90YAGKIESTS5OI7XP1N5ZJ9","8REH1LBQDF4LYR5RWKP4XL0","63ow1jqpp7c"
"8ua60jt7d9t","device-5ae25549-1f20-47b9-ad4c-3e25d06d3a6c","B51WSKIMX67PYF22L7VOZRU","I5OOUSI3D7H8FQYS5A1OROM","63ow1jqpp7c"
"wlzcmn3u0dg","device-8fd5179b-4e0b-4937-8e36-57c54c142961","6QL8FOZJJ5FGIIFMX8FJ8JO","8UB3YVW9NOTHUYCEGYGE2EK","63ow1jqpp7c"
"eayj2apcfbe","device-63f7d063-839a-4380-ab67-c5a3a8187a0a","UCGR6I4VISVZRYEVDXIW7UH","21CCP38YWPEI7FUH03L2ZE5","63ow1jqpp7c"
"lhz6y1t5871","device-94b48a0e-3076-464a-90ca-7943fbeaca4d","CE00QX3MNOJ95TN0UBNJGCC","NTSE9923VQELXTRMBNMO1YY","63ow1jqpp7c"
"lmvppv1gcna","device-dd6d38a1-d8f6-42e3-8caf-afdfb7fa77da","4OYC5TOV9858ZRUEW8O2L27","JVD5W5G7F6FPC3HILHF9JQ7","63ow1jqpp7c"
"2wui84sdyp8","device-d1f64e62-1336-41a1-9e34-a3646a65b13d","MJT626TMOBGPP9CD6N1M44Z","BDKIOCRJOUY1JKRJTSJW4TE","63ow1jqpp7c"
"1tva11dcs9s","device-b923cc0c-a80d-4cd8-ad86-8fdc0877a20f","9399LE7KBCJP7IRR3WS1C1X","7XNJS0BEZI70PLYX9330MD9","63ow1jqpp7c"
"j9zzal3s83r","device-58a58a9f-ceac-4e78-981d-b2856f729efc","KO057OPTNCC7DQNFPDV8C2M","9HSQ73TXT3SM1RR657ZSALD","63ow1jqpp7c"
"a1l6y845rj5","device-b0f01a61-c55d-4b0c-a091-2080acde84f7","UR34CUDL4KODJZUJWIXTVKW","GRIYYJEK49SKCC5MK2X8TIL","63ow1jqpp7c"
"e26wlgkzcq7","device-816bf851-3a87-4f90-968d-8df97634b1bb","NALSGNK1W7LIX5HEF32XFRI","M86237J42HVI7Q0FPLJFJ11","63ow1jqpp7c"
"0aogr1xofhn","device-2b46a118-70db-471c-bb28-b832ff630b1d","HTKVMVO7TWTZIVF4QF523UN","RFFGWAFW8S8NS02KA35VY3A","63ow1jqpp7c"
"nl2dbi9hvis","device-c9d87a1c-a9c9-47a6-8433-30790f4197e3","3ZA395VVLKEG38I0O64TDNZ","LJPYEPKMRLQYXB3WNLJAYJJ","63ow1jqpp7c"
"ph8qc20fxci","device-3b904c78-8f3d-4946-9193-aa4a28fab164","D5A4VQERN3BI9SPP3JKI4VJ","WIOE0C20O7K91LSPT45RIYD","63ow1jqpp7c"
"ncopqhza3gr","device-67334cbd-b34e-4aba-a064-2af31630f71f","OOABRYJOY8E8VH97RD7IJL7","QEX02EHKBEFFVNHRV79B9NP","63ow1jqpp7c"
"lspll00sol0","device-e8398e6c-11ab-4810-8e39-e92b9dccee71","21VJN0BB5JU1WMU6PFUWMM2","5FVEC8I8JNGE50TX1X2EG7M","63ow1jqpp7c"
"bf223qjhz5g","device-e420d893-1a75-4c6f-8144-7924b08f916d","43042U6NGCVQFWOGCOYB49T","5UATD4S9NG37GWDC1G2PKBV","63ow1jqpp7c"
"71piml0vlzt","device-169881f3-0cba-4544-be6c-0f1302025c17","5T3679478XLY1WACE35EAR9","3AGK4RN4H81CXC2AUSE08GK","63ow1jqpp7c"
"dynwyt9cf7u","device-fb8ffdac-874d-4f77-b74c-47fe26ccc0cb","1D8I1W8LX0HR6LWB890XU49","HUE7W25RGGLYW8X9PCV94P6","63ow1jqpp7c"
"lpxc29qgzkp","device-2a289864-439a-47d7-96cd-ba38366b4973","2XYPU7L4WZ5VD822WMVOYFB","H8GOM30ASQ19AHSA1BAGUMR","63ow1jqpp7c"
"yw2k5rlzcba","device-59cce4d3-ff38-47e8-b207-40006d0ef05b","RO8ZHA0Z3AL8CWB35HCVMWM","YCDEYFSA55JC19TA0LZCIUY","63ow1jqpp7c"
"g92g0bpbc8f","device-3c53cdf1-0df6-4a5a-83c9-291891a78c22","5HQT2T349JU0ZWL5MFPBBBT","UPYG4TWWYTSB5QRE2KDRX10","63ow1jqpp7c"
"ynv2vas326w","device-2f4e39e1-eec9-43c2-a4cf-5ff274dae8fa","3C3B8J9KQSOBT3X3XC2DEQ3","STAVAVF4WYA464X5WNOKEQ8","63ow1jqpp7c"
"ag51epdyslg","device-ab09a294-f412-4df3-a72d-192973a4263e","IIS812LOMVELNCCI1APUOGU","ZC74EFGDJ7SAU1XP5SC8FHS","63ow1jqpp7c"
"h32v7biuavl","device-c3045d5c-f00d-46b3-9e59-b1fbf718951f","GWT96VICKBHA8NJU7WU9FXY","P75SQT49A247R5WUG4ZHWVA","63ow1jqpp7c"
"2qrxy1iiwxf","device-731e2504-eba7-495c-8810-2879ef5dec03","VS3WCOB6C4HHOWSUGXK8CMH","N0OVXEO697G5L1JBURTJTI4","63ow1jqpp7c"
"w3exwty2en9","device-eee084c8-deb1-4f84-afdd-0d0f3ede539a","I601DVFPJ4ZHMVZN7EAWETA","2MBS70RK4P77VRXEN835IMK","63ow1jqpp7c"
"xss2hbi2xip","device-cedfe31d-da3d-40fd-8f80-cb8f86514f65","D2XHH03IW7BTU4NNYH6ZGGT","0N4KRXQV2WIVBSHW66URVNR","63ow1jqpp7c"
"v1oiw2ehgfj","device-9247be2a-590e-42a3-aaf5-2d5d29400e65","SW64ODLSILGV17FLRBGCOJO","IW0VEM5NHOOOI8JXF2FHM7Y","63ow1jqpp7c"
"d6ug7akqcwc","device-e41dd478-5129-4a5b-9d75-3d5b1e553234","TX7IBINJRI0U3C5AW7FLG98","4Y4PEGZ9LXSHYHOLYXEYXFJ","63ow1jqpp7c"
"niholt3gm5s","device-a444438d-21ba-4559-84f4-9f0f75d650ed","0WRA5YEMLDWVQKSUZIO80GA","XXHU5FTKTC65TQ8R595MY5G","63ow1jqpp7c"
"7wso7u9ofr3","device-255c130c-b0d1-4714-bc9d-1cf130145d77","DZJL15TRLVW9H4UBX050X0N","WH4OR34QXXD6Y4Z0GTJFFTV","63ow1jqpp7c"
"ri47rejo317","device-aa862747-58ca-412e-be5b-d195d3ba15a6","MVBJRSWVEIBM0N50PV257NQ","5CCX3KUQYPIOZOQ8VRQ45OQ","63ow1jqpp7c"
"rzalmwn7gl1","device-9d94383d-b98c-4224-9823-935b88a78e39","HVPUB5TSDYPI0M76OVNUU7I","IHRCU1VSXVX3Q8VVPWOWU3U","63ow1jqpp7c"
"c061qbv9cll","device-8777ae4d-64d3-484c-9e15-48b246e42bc6","3IL39KWVQ5HCEDNPBCSLQKV","86EMOBZLYC3FJGSW1HFXG7D","63ow1jqpp7c"
"86tq4zh1rgp","device-1073202d-f62b-4f72-b150-7c7c821b9b3b","NPTBI9WZNIW60ELMO3KRL5M","UPXS1IZHZQPIO9R04KAX2XS","63ow1jqpp7c"
"cnwcy57yd49","device-5506778f-efe9-48b6-a7e8-2f0b2a9dd3d0","2AEOFPYSLTYFDUVPLMZ1EV9","E601NUVLIW3TUBZWDWKLFXR","63ow1jqpp7c"
"tqlia7r301v","device-e6b81947-be52-4967-9aab-436678dff341","7L99POIOB65IBR79VS9N25B","0MK083DF0YM2PPJPWWFS8AO","63ow1jqpp7c"
"zghyxsqr36y","device-d0cd4a71-459c-4849-9750-c6c142fed762","POH0QRNSRU6R8X0MUY47S19","8C0931TQAOWE1NWJ74L8G0A","63ow1jqpp7c"
"he69lpcmaph","device-42504f67-3bf2-4b8c-bfec-79acefffead9","BTDSNIIURB8JC4MBLDBOCU8","0E10EOQ4BXI1EBZLFD8KD6N","63ow1jqpp7c"
"s8fhbud9ec1","device-a627c4c4-7305-44db-b78e-651027c70d6a","HN1TZNR3G2RINKQR14VF7KQ","JDSHOGWTU95AU35JOEBX62Y","63ow1jqpp7c"
"5x26gqxulfu","device-463bb31b-51b3-45be-9dea-b3fca2c08244","IGD52GXL1L01NZPOSC511HF","QR7JGWMIJPAARO0L0U4WA7E","63ow1jqpp7c"
"nvb6nzfj4dm","device-27118a84-0333-42f0-a0ed-19f0bc920f00","62Q6UQ67USFJULXD112GAO9","F3M7FO7E606585J40XNN88K","63ow1jqpp7c"
"vnuvs1lu8jc","device-db4838c3-34e6-4ce9-a43a-2259b7b956e0","AU5HKQ23H1U7GM53LPTPIZO","TYZICVY4QLRR4TW7024OOM3","63ow1jqpp7c"
"ehxmazx5fm7","device-c4c1a56f-b6fa-4400-9d2e-0b63729a82c1","3PB9NB2K6B72XTG1LUYEXED","R2WKGKVTHA2B6RFRP34OP75","63ow1jqpp7c"
"ar16ctztfoj","device-2c31bb12-35d7-4041-888d-0df4b6959a63","8UN6E9WWM0P37XK23KZJO64","U7YA1DNNM6RXLVS8PS23BG7","63ow1jqpp7c"
"z56iaffig34","device-984e62ef-b6cd-4a93-80dc-7066a38902c3","AHY65W0CPF7FSQIL0NM0QLD","GTIHNIAOL3DBYEJYEE6WB8C","63ow1jqpp7c"
"twdp8twbv9k","device-d303ef50-a42f-47a5-904e-738222e34b22","S9S357BWBHHJMQPWB3QBLMH","JZUZFDKWBLVPJ8X6V2T40SQ","63ow1jqpp7c"
"9zypjsfdc6o","device-61104c0a-65c1-479c-b3f0-94599edc479e","B7N1T8V19DREMFEES83H19Z","ZYCXTM6JGUB4RC8HUNYZYU7","63ow1jqpp7c"
"roq4agt2eo6","device-a40181d2-c6cc-442a-8728-9a7c66bae52b","W0HO2SFEQ6K9V2L7RQW2IYH","P54TGMVYJM2O2TRF1KGCIO6","63ow1jqpp7c"
"4ks3j0ci8nl","device-35409f13-7bc0-4119-856e-cfd0e065e75a","MNCWOXCXM26T6O7EK48U31Z","KJRNQXCD01R1LP19BX5ZFL0","63ow1jqpp7c"
"602hxffq1qf","device-f7c7e14f-202f-4b8c-bb96-4f8dc027a8ed","14BPL5YJP6V2UU3C3629BP5","NUT08TFP7PVYBPGR6L705HU","63ow1jqpp7c"
"9b91vqhiahz","device-2921ed9e-0a91-4886-a534-56fd544e911d","HTVQG4G2OXI6K3G5PNFUJRG","U1BMPE0T5OTFI64HCSEPRNH","63ow1jqpp7c"
"m7wkvx8esf2","device-95bd7007-d3a6-45a3-acaf-28d3c7fad30e","G1S9PCX2GXHYERUBGQ75MME","9RC03X82PEL9CFTXV6U9LA4","63ow1jqpp7c"
"8k71u19aski","device-ff89127b-5bef-4691-adc0-250f916eba25","PY9MTIIQR8K2QONC7C1SB4I","O2T049PKNF9DFFM83R1Y9IS","63ow1jqpp7c"
"kxrunvfrfmv","device-71ee1c2f-8774-467d-9f69-41313e873fb3","8IH6BHA0ICQ0ZXXTQ8T3HLR","TPK2GC83O6OEFL0LQA71JDT","63ow1jqpp7c"
"wn5qf8v6t48","device-9a5e820b-4782-46fc-8c00-c761175ad1ba","6G2PUAHE5MAFNK2645NIKK6","SLA7U5N3H310YOT1W3JGVEM","63ow1jqpp7c"
"j1ox0uf6gwd","device-4fa2dc25-6e04-4f63-83d2-7ee4d932b83b","SKSC66X0S9G3INLFMJJ8S1W","YZFAS9A6IJDLVD47FMA1K2Q","63ow1jqpp7c"
"cubtpuyuwv0","device-ab75d1b9-a7c1-4499-ba1c-8989a450f80d","JA62IIQZE5S6DG2U87ZQJOU","ZKWAZFHISNLUPCBH8VY1INQ","63ow1jqpp7c"
"syhtvybt8mb","device-49087ce1-bb29-489d-9749-a268c0604a3f","Y0NNPB0RICVMZB3AQMFF8JH","YMYTQT5MTIXYB9SUQIEZCPK","63ow1jqpp7c"
"87ufkanja1b","device-5555818c-75ec-4c93-8100-9d4520818d8d","YCTRCKS1S77NXEFO78IUX81","TI2TKD0J90LKYXL8SQH7Y1F","63ow1jqpp7c"
"7n4q42033r7","device-3c7a9a2e-823c-4071-a91c-4ebc6a80bf9a","6L931P5O0G6W9BCWAOB5K90","R3ORLIUN4L33YJ2VDF1PBSQ","63ow1jqpp7c"
"lsxei3mpsul","device-7395f687-e685-4efd-9097-fbd7bcb99938","P0UL4Y9S9LCCKZH68JKV7S7","BEDNHE4QXSYAEUFKLG3FBW3","63ow1jqpp7c"
"357x45vjdxx","device-ea9d7a81-6701-4d16-9f45-9e3441bd1dfd","WF2SO2JBRHVQCKSFBQO5VL9","JG0KRGHFWUPLGU654U235FW","63ow1jqpp7c"
"qyineq2fkqf","device-b91bf01a-e191-420e-b8d2-92b10e69fa35","W911GFFNVAWZO5B7IX6EFKR","FQHK711KS85IQZFX28FYONN","63ow1jqpp7c"
"p4ds46fjpl5","device-1ffcac99-8cd9-41be-bc7f-92ee18e921e4","I9ANQ63R57K8ZJXVBZN4P23","ZWUJWCPNCVERA3EKROWXWT3","63ow1jqpp7c"
"odfcwdmaiuc","device-c41dac57-1fa9-46b0-86e3-c4e34ee64b96","XT0TOR4MUJW5U51MB1CBUH1","GZ7R3T1MF9VA1Q3SBUY960L","63ow1jqpp7c"
"bazuvf67nmw","device-e59c3bfb-9e00-4b3b-b7c1-da8372165a89","1166YWQ3DK5A7QBYFF80A2M","OBFXYZNAL6NYN7WRXHXQIQY","63ow1jqpp7c"
"0060a6ohb6v","device-01413131-dbce-4600-a5fa-4d28b9ed5795","Y5FB1TVQGLGVRZ25JMV9W5X","UZ4GB7SMFEDCI4J83YDINLF","63ow1jqpp7c"
"rj2216tck6z","device-03c74f91-4f22-4afd-9047-a80d133ecddb","IOJFXK089X5OQSGNIZ3NOJE","19WSO0MERZUA7IAJ8S14P3L","63ow1jqpp7c"
"kbyznjmbec9","device-26393924-bced-407b-88b4-a2c62d261510","TCI6DZOUPZIKHWJ2OCURTMJ","W34JS2DCP1JJEK08FBIQUXZ","63ow1jqpp7c"
"pvzxh1f514h","device-9b2909fa-a488-452b-ad3f-d307bcdb9e40","IPX9W7S0HOYDRQ5T0PAHGF6","47ECC58LQEPUVD2CBIKTUGB","63ow1jqpp7c"